,filename,duration,annotation_exist
0,94-45a117-D,171.6215873015873,False
1,94-24b069-L1,160.6225850340136,True
2,94-43a106-H,172.1962811791383,False
3,94-45a117-D(2),174.38185941043085,False
4,94-21a059-DIA(L),176.33233560090702,True
5,94-43a106-L,170.8669387755102,True
6,94-45b121-G,171.5461224489796,True
7,94-45b121-L1,183.70176870748298,True
8,94-48b135-L,182.57850340136054,False
9,94-42a102-L,178.83428571428573,True
10,94-48b137-L,182.09668934240364,False
11,94-46a123-D,192.34539682539682,True
12,94-45b122-G,182.8736961451247,False
13,94-33a092-DIA(E),183.59727891156462,False
14,94-27b089-L1,185.39496598639457,True
15,94-48b137-C(H),176.7328798185941,False
16,94-18a045-L1,165.88625850340136,True
17,94-47a130-L1,193.2393650793651,True
18,94-45b122-D,172.03664399092972,False
19,94-27b089-C(H),190.83319727891157,False
20,94-25a075-DIA(D),185.17913832199545,True
21,94-21a059-DIA(E),173.33115646258503,True
22,94-15a022-E1,193.89532879818594,True
23,94-25a075-DIA(E),189.30648526077098,True
24,94-06b008-L1,188.9726984126984,True
25,94-34b097-DIA(L),171.1978231292517,True
26,94-46a123-D(2),189.0249433106576,False
27,94-33a092-DIA(L),192.2118820861678,False
28,94-46a124-H,165.67727891156463,False
29,94-48b135-C(H),184.4709297052154,False
30,94-47a130-G,179.86176870748298,True
31,94-42a102-L(2),172.97124716553287,True
32,94-46a124-L,184.85696145124717,False
33,94-18a045-D,197.06485260770975,True
34,95-06a033-L1,188.74049886621316,True
35,95-13a053-DIA(E),179.1825850340136,False
36,95-02a009-DIA(E),186.3285260770975,True
37,95-02b011-L1,189.1178231292517,False
38,95-04b023-DIA(L),187.61142857142858,True
39,95-13a052-E1,180.29133786848072,False
40,95-13a052-DIA(L),191.38757369614513,False
41,95-16b068-RealBoom,120.15163265306123,True
42,95-12a044-POL(AS),197.53795918367348,False
43,95-02a009-E1,190.80126984126983,True
44,95-05a025-E1,184.9469387755102,False
45,95-01a002-DIA(L),182.18666666666667,False
46,95-14b058-C(A),180.2419954648526,False
47,95-01a001-DIA(E),187.5998185941043,True
48,95-16b068-C(A),189.30068027210885,False
49,95-04b024-L1,189.14684807256236,False
50,95-07b041-E1,189.69251700680272,True
51,95-12a043-POL(E),180.34068027210884,True
52,95-14a056-L,185.88734693877552,True
53,95-13a053-L,183.6175963718821,True
54,95-02b011-DIA(E),184.87437641723355,False
55,95-07a039-DIA(L),187.33859410430838,True
56,95-01a001-E1,193.14068027210885,False
57,95-04b023-L1,185.69578231292516,True
58,95-06a033-E1,189.00462585034015,True
59,95-01a002-L1,202.05133786848072,True
60,95-04b024-DIA(E),196.26666666666668,False
61,95-14a057-L,181.17950113378686,True
62,95-14b058-L,190.34267573696144,False
63,95-12a043-POL(AS),191.57333333333332,True
64,95-15b064-C(A),183.28671201814058,False
65,95-15b064-L,184.57832199546485,False
66,95-05a025-DIA(L),181.52489795918368,False
67,95-12a044-POL(E),187.5243537414966,True
68,95-16b068-L,181.18820861678006,False
69,95-13a052-RealBranch,198.84408163265306,True
70,95-07b041-E1(2),189.40226757369615,False
71,95-14a057-C(A),190.14530612244897,False
72,95-07a039-L1,189.6518820861678,False
73,95-14a056-C(A),191.20761904761906,False
74,01-12a086-B-CAM(E)-ATY(L),246.87455782312927,True
75,01-12a085-B-CAM(E)-ATY(L),274.98231292517005,False
76,01-12b088-B-CAM(E)-ATY(L),279.95138321995466,False
77,01-13b096-B-CAM(L)-ATY(L),284.8478911564626,True
78,01-13b097-B-CAM(L)-ATY(L),283.8146031746032,True
79,00-34a228-dia(l),188.13968253968255,True
80,00-02b015-boom-cam(l),180.7934693877551,False
81,00-31b211-dia(e),180.43356009070294,False
82,00-19b126-dia(e),193.16390022675736,False
83,00-19a123-dia(e),193.2103401360544,False
84,00-09a062-pol(al),193.7879365079365,True
85,00-07b054-cam(l),193.72698412698412,True
86,00-06b045-boom,186.34303854875284,False
87,00-28a185-boom-EAG,183.28380952380954,True
88,00-33b225-dia(l),189.22521541950113,True
89,00-19b126-nic(e),198.97179138321997,False
90,00-32b217-boom-dia(l),185.78575963718822,True
91,00-01a003-boom-cam(l),193.30321995464854,False
92,00-19a123-nic(e),182.6597732426304,False
93,00-24a156-nic(e),180.48580498866212,True
94,00-10a068-dia(e),186.31401360544217,False
95,00-27a175-boom-LEO,193.40190476190477,True
96,00-06a042-cam(l),189.57931972789115,False
97,00-21a135-boom-3dia(l),186.90321995464853,False
98,00-11a074-nic(e),192.42956916099774,False
99,00-32b216-boom-dia(l),189.88117913832198,False
100,00-09b067-nic(e),196.66721088435375,True
101,00-05a033-boom-cam(h),186.6419954648526,False
102,00-03a018-boom-cam(e),174.95945578231292,True
103,00-05a032-cam(e),243.7340589569161,False
104,00-08a056-cam(l),197.27092970521542,False
105,00-10a068-nic(e),194.9082993197279,True
106,00-05a034-boom-cam(h),172.12662131519275,False
107,00-28b188-boom-dia(e),189.38485260770975,True
108,00-17a109-cam(l),180.83700680272108,False
109,00-11a074-dia(e),192.28154195011336,True
110,00-09a062-dia(e),197.79628117913833,True
111,00-09b067-dia(e),182.14603174603175,True
112,00-18a115-dia(e),188.25578231292516,True
113,00-27a176-boom-LEO,197.14902494331065,False
114,00-06b046-boom,193.0855328798186,False
115,00-05b039-cam(h),194.78929705215418,True
116,00-13a087-nic(e),186.28208616780046,False
117,00-22a143-nic(e),191.0857142857143,False
118,00-31a204-boom,190.35718820861678,True
119,00-12a082-nic(e),194.80380952380952,True
120,00-30a199-boom-LEO,188.0758276643991,True
121,00-09a064-dia(e),193.00136054421768,True
122,00-18a115-nic(e),191.95646258503402,False
123,00-02a011-boom-cam(l),184.4796371882086,True
124,00-30b202-boom,183.58857142857144,False
125,00-26b172-boom-LEO,197.16063492063492,True
126,00-35a236-cam(h),178.90975056689342,False
127,00-13a087-dia(e),193.9069387755102,False
128,00-27b179-boom-LEO,192.57179138321996,True
129,00-17a109-nic(e),184.89179138321995,False
130,00-22a143-dia(e),192.5079365079365,False
131,00-27b182-boom-EAG,186.37496598639456,True
132,00-06a041-cam(l),200.52172335600906,False
133,00-12a082-dia(e),192.16544217687076,True
134,00-09a064-pol(e),193.08843537414967,True
135,00-33a223-dia(l),188.55183673469386,False
136,00-05b036-cam(h),197.34349206349205,True
137,00-24a155-nic(e),196.5424036281179,False
138,00-35a239-boom-dia(l),192.9142857142857,False
139,00-33a220-boom-dia(l),192.73433106575965,True
140,00-04a027-cam(e),196.1273469387755,True
141,00-24a156-cam(l),174.59374149659865,True
142,00-04b030-boom-cam(e),183.9891156462585,False
143,00-24a155-dia(e),195.442358276644,False
144,00-28a186-boom-EAG,188.21514739229025,False
145,97-80a482-DIA(L),183.04580498866213,True
146,97-35b209-NIC(E),191.2540589569161,True
147,97-06a026-L3,180.31746031746033,False
148,97-38a224-POL(L),189.8289342403628,True
149,97-50a301-NIC(E),188.4821768707483,False
150,97-08a040-H,196.12154195011337,False
151,97-10a054-D,193.68344671201814,False
152,97-38a225-DIA(E),184.40997732426302,True
153,97-30b178-E1,189.31229024943312,False
154,97-06a027-D,188.85659863945577,False
155,97-51b309-DIA(E),185.65224489795918,True
156,97-52a317-NIC(E),193.41931972789115,False
157,97-09b048-D(2),175.0813605442177,False
158,97-68b416-C(A),184.87147392290248,False
159,97-72a441-DIA(E),182.29696145124717,False
160,97-40a239-NIC(E),200.5275283446712,False
161,97-13b075-L3,187.68689342403627,False
162,97-80a483-L3,186.18340136054422,True
163,97-24b143-CAM(E),182.9558276643991,False
164,97-40b242-NIC(E),191.6110657596372,True
165,97-19a108-E1,176.68934240362813,False
166,97-04a016-L3,194.18267573696144,False
167,97-08b041-D,184.59573696145125,False
168,97-35b209-DIA(E),182.05895691609976,True
169,97-41b246-L3,186.1688888888889,False
170,97-43b259-C(A),194.56,False
171,97-69b422-C(A),192.40925170068027,True
172,97-50a301-DIA(E),188.65052154195013,True
173,97-57b350-DIA(L),188.67083900226757,False
174,97-71a433-E2,186.56072562358275,True
175,97-06a027-E2,189.60544217687075,True
176,97-50a302-C(A),189.83183673469387,False
177,97-04a014-L3,184.08780045351475,True
178,97-33b197-DIA(E),194.63256235827666,True
179,97-61b372-DIA(L),185.4548752834467,True
180,97-80b485-E1,182.92680272108842,True
181,97-30b178-CAM(L),183.94557823129253,True
182,97-13a070-L3,185.48680272108842,False
183,97-51b309-NIC(E),203.65931972789116,True
184,97-63a382-DIA(L),175.72571428571428,False
185,97-52a317-DIA(E),186.6332879818594,False
186,97-33b198-CAM(E),190.31074829931973,False
187,97-65a396-DIA(L),184.24743764172337,True
188,97-63a382-GF(H),195.2711111111111,False
189,97-02a009-GF,189.8985941043084,True
190,97-40a239-DIA(E),193.01006802721088,False
191,97-65b397-NIC(E),197.74984126984128,False
192,97-72a441-NIC(E),181.85578231292516,True
193,97-24b144-E!D,193.02458049886621,False
194,97-64a389-C(A),186.8712925170068,False
195,97-64a393-L3,183.3447619047619,False
196,97-71a433-E1,191.1524716553288,False
197,97-11b061-DIA(E),181.21142857142857,False
198,97-70b429-DIA(E),126.3136507936508,False
199,97-69a419-L3,190.4239455782313,True
200,97-27b161-H,183.59147392290248,False
201,97-60a363-DIA(L),191.1873015873016,True
202,97-76a461-C(A),190.94349206349207,False
203,97-62b379-NIC(E),187.68979591836734,False
204,97-13a070-GF,185.4374603174603,True
205,97-13b074-D,184.9208163265306,False
206,97-01a004-GF,186.47074829931972,True
207,97-43b259-L,182.62494331065759,False
208,97-60a364-L,184.76408163265307,False
209,97-18a102-L2,194.51065759637189,True
210,97-68b416-L,193.08263038548753,True
211,97-12a065-DIA(T),171.43873015873015,True
212,97-68a411-E2,197.63374149659865,False
213,97-05b023-D,189.9914739229025,False
214,97-18b105-L2,182.63074829931972,False
215,97-44a264-DIA(E),188.57795918367347,False
216,97-35a206-DIA(E),192.1277097505669,True
217,97-74b453-DIA(L),186.11374149659864,True
218,97-65a395-NIC(E),186.6419954648526,True
219,97-75a456-L3,188.0497052154195,True
220,97-53b326-DIA(L),191.02185941043084,False
221,97-40b240-NIC(E),187.24571428571429,False
222,97-60a364-C(A),180.04462585034014,False
223,97-06a026-D,187.78848072562357,True
224,97-64a393-GF,188.17160997732427,False
225,97-49a294-NIC(E),190.3136507936508,True
226,97-46a276-D,174.32090702947846,False
227,97-45a270-DIA(E),177.48172335600907,False
228,97-68b417-L3,187.39954648526077,True
229,97-12b068-DIA(T),179.71954648526076,False
230,97-55a336-NIC(E),198.00526077097507,False
231,97-73b446-DIA(E),182.19537414965987,False
232,97-04a014-D,204.86965986394557,True
233,97-74b453-E1,179.93142857142857,True
234,97-61a369-D,184.14585034013606,False
235,97-32a189-DIA(E),186.44172335600908,False
236,97-75a457-E1,180.56417233560092,False
237,97-43a257-POL(L),185.7799546485261,True
238,97-78b474-E2,182.9732426303855,False
239,97-46b281-DIA(L),194.2871655328798,True
240,97-77a467-E2,184.23873015873016,False
241,97-44a264-NIC(E),187.90167800453514,False
242,97-53b326-D,188.36027210884353,True
243,97-36b214-POL(L),202.89596371882087,False
244,97-65a395-DIA(E),176.8257596371882,False
245,97-40b240-DIA(E),190.17142857142858,True
246,97-75a456-DIA(L),188.24707482993196,True
247,97-18b104-E1,185.7886621315193,False
248,97-33b198-DIA(E),183.54213151927436,False
249,97-73b447-DIA(L),188.33705215419502,False
250,97-58a353-NIC(E),184.34321995464853,False
251,97-15b085-L3,189.95374149659864,True
252,97-34b203-E1,188.39510204081634,True
253,97-63a383-GF(H),187.6172335600907,False
254,97-48b291-D,184.39256235827665,True
255,97-24a140-CAM(L),186.7609977324263,True
256,97-43a257-DIA(L),185.6087074829932,False
257,97-73b446-L2,189.41097505668935,True
258,97-24a140-L3,183.39700680272108,True
259,97-45a270-NIC(E),184.29387755102042,False
260,97-13b075-GF,189.34131519274376,False
261,97-04a016-D,194.4903401360544,False
262,97-46a276-DIA(L),187.939410430839,True
263,97-34b203-CAM(L),190.38040816326532,True
264,97-59a358-D,190.98122448979592,True
265,97-70b430-C(A),184.11392290249432,False
266,97-40b242-DIA(L),192.04934240362812,False
267,97-30b179-CAM(L),181.65551020408162,False
268,97-19b113-L3,189.20199546485262,True
269,97-24a138-L3,184.98467120181405,True
270,97-80a482-NIC(E),180.47709750566892,True
271,97-75b460-L3,197.8049886621315,True
272,97-41a243-DIA(E),185.20526077097506,False
273,97-63a383-DIA(L),189.4574149659864,False
274,97-30b179-E1,183.1764172335601,False
275,97-59a358-DIA(E),184.6421768707483,True
276,97-38a225-POL(L),194.30167800453515,True
277,97-65a396-NIC(E),185.95410430839001,False
278,97-51b311-L3,182.52045351473922,True
279,97-13b074-D!E,181.6584126984127,True
280,97-65b397-DIA(L),203.1717006802721,False
281,97-27b161-L3,175.4790022675737,False
282,97-78b474-DIA(L),187.88426303854877,False
283,97-10b056-D,185.17043083900228,False
284,97-22a131-L3,187.28925170068027,True
285,97-38a224-DIA(E),195.65714285714284,False
286,97-60a363-NIC(E),188.76662131519274,False
287,97-24a138-CAM(L),192.8910657596372,True
288,97-11b061-DIA(T),194.04916099773243,False
289,97-75b458-L3,181.57714285714286,True
290,97-62b379-DIA(L),192.52825396825398,False
291,97-72b442-C(A),183.17931972789117,True
292,97-01a001-GF,184.48253968253968,False
293,97-41a243-NIC(E),180.72090702947847,False
294,97-67a406-C(A),193.91564625850341,False
295,97-70a425-DIA(E),190.98702947845806,True
296,97-01b006-GF,188.2528798185941,False
297,97-75b458-DIA(L),185.75383219954648,True
298,97-30a175-CAM(E),185.6174149659864,True
299,97-61b372-NIC(E),185.85541950113378,False
300,97-56b343-D,188.2383673469388,False
301,97-19a108-L2,185.59419501133786,False
302,97-68a414-E2,179.6150566893424,False
303,97-36b214-DIA(E),188.51283446712017,True
304,97-30a177-L3,175.08426303854876,False
305,97-01a001-L1,191.73006802721088,True
306,97-51a307-DIA(E),190.92607709750567,True
307,97-01b006-L1,193.41641723356008,True
308,97-10b056-D(2),194.69641723356008,False
309,97-22a131-GF,184.69732426303855,True
310,97-09b048-D,189.79990929705215,False
311,97-70a427-E1,175.8185941043084,False
312,97-32a189-D,191.1437641723356,True
313,97-50a302-L,127.60526077097505,True
314,97-18b104-L2,186.63619047619048,True
315,97-75a457-DIA(L),191.10022675736963,False
316,97-05b023-L3,184.66249433106577,False
317,97-12a065-DIA(E),192.264126984127,False
318,97-19b113-H,178.14349206349206,False
319,97-61a369-DIA(E),184.85115646258504,False
320,97-77a467-DIA(L),186.31401360544217,False
321,97-35a206-POL(L),196.8065306122449,True
322,97-02a009-E2,185.4984126984127,True
323,97-73b447-NIC(E),184.89469387755102,False
324,97-58a353-DIA(L),187.33859410430838,False
325,97-18a102-E1,182.86875283446713,False
326,97-68a412-E2,193.36997732426303,True
327,97-53b327-L3,193.64281179138322,True
328,97-75b460-DIA(L),178.77043083900227,False
329,97-51a307-NIC(E),184.43319727891156,False
330,97-18b105-E1,166.7657142857143,False
331,97-74b452-DIA(L),191.97097505668935,False
332,97-01a004-H,183.1590022675737,True
333,97-08b041-H,196.02866213151927,False
334,97-70a427-DIA(E),183.1502947845805,True
335,97-55a336-DIA(L),185.23138321995464,True
336,97-30a175-L3,180.29714285714286,True
337,97-30a177-CAM(E),175.06684807256235,False
338,97-12b068-DIA(E),186.03537414965987,True
339,97-48b291-DIA(L),187.9887528344671,False
340,97-46b281-NIC(E),190.90866213151926,False
341,97-08a040-D,191.0247619047619,False
342,97-70a425-E1,191.67201814058956,False
343,97-74b452-E1,187.58530612244897,False
344,97-56b343-DIA(E),190.5342403628118,True
345,97-54a328-L3,188.73179138321996,True
346,99-18a017-DIA(L),195.64843537414967,False
347,99-18b020-C(SCR),189.30068027210885,False
348,99-29a084-VisL,207.80408163265307,False
349,99-38a161-CAM(Sequ),191.5501133786848,True
350,99-40b181-H,181.81224489795918,False
351,99-33a119-CAM(Sequ),199.03854875283446,True
352,99-24a052-VisL,186.1079365079365,True
353,99-35a136-CAM(E),188.25578231292516,False
354,99-19a024-E2,189.62866213151926,False
355,99-36a143-CAM(L),189.48643990929705,False
356,99-31a104-L3,182.32018140589568,False
357,99-39b173-CAM(Sequ-L!long),193.2712925170068,True
358,99-30a095-DIA(L),182.83102040816325,False
359,99-37a154-CAM(Sequ),183.21705215419502,False
360,99-27b076-CAM(L),188.42412698412699,True
361,99-34b133-L,181.44072562358278,False
362,99-20a028-GF,186.7348752834467,True
363,99-33b122-E1,184.57832199546485,False
364,99-40b181-L,196.104126984127,True
365,99-38a162-CAM(Sequ),186.1863038548753,True
366,99-30b098-CAM(Sequ),177.39174603174604,True
367,99-24a052-DIA(L),179.4380045351474,True
368,99-21a036-E2,185.96861678004535,False
369,99-30a095-HeGF,179.95755102040818,False
370,99-19a024-CAM(E),195.78485260770975,False
371,99-40a176-CAM(Sequ-L!long-no booms),195.89514739229026,True
372,99-18a018-DIA(L),187.00480725623584,False
373,99-19a022-HeGF,192.00290249433107,True
374,99-34b133-RealBranch,153.57678004535148,True
375,99-26a065-CAM(L),181.4378231292517,False
376,99-31a104-CAM(E),187.82911564625851,False
377,99-19a022-DIA(L),183.02839002267575,False
378,99-19b027-DIA(L),180.97052154195012,False
379,99-22a041-CAM(L),191.1089342403628,False
380,99-26a065-E1,183.50730158730158,False
381,99-23a046-DIA(L),181.35074829931972,False
382,99-38b169-CAM(Sequ),185.73931972789114,False
383,99-20a028-DIA(L),186.25886621315192,True
384,99-39b174-CAM(Sequ-L!long),178.5730612244898,True
385,99-27b076-E1,187.0222222222222,True
386,99-32a111-CAM(Sequ),185.00498866213152,True
387,99-41a184-H,186.72326530612244,False
388,99-38a163-(Sequ-no booms),198.32743764172335,False
389,99-18a018-HeGF,191.22213151927437,False
390,99-33b122-CAM(L),186.65070294784582,False
391,99-23a046-VisL,187.67528344671203,True
392,99-26a066-CAM(L),179.19709750566892,False
393,99-30b097-CAM(Sequ),187.3792290249433,True
394,99-25b064-CAM(L),188.63310657596372,False
395,99-41a184-L,187.64625850340136,True
396,99-21a034-DIA(L),180.11718820861677,False
397,99-21a036-CAM(L),190.99573696145126,True
398,99-37b156-CAM(Sequ-no booms),194.57451247165534,True
399,99-25b064-E1,187.86104308390023,False
400,99-30b100-CAM(Sequ),185.21687074829933,False
401,99-19b027-HeGF,183.1590022675737,True
402,99-18b020-L,186.63038548752834,False
403,99-26a066-E1,187.4227664399093,False
404,99-29a084-DIA(E),196.17668934240362,False
405,99-33b120-CAM(Sequ),182.04154195011338,False
406,99-41a183-L,188.73179138321996,False
407,99-41a183-H,181.29560090702947,False
408,99-17a011-VisL,185.86122448979592,False
409,99-38a160-CAM(Sequ),184.90049886621316,False
410,99-32a110-DIA(L),182.47401360544217,True
411,99-36a143-E2,192.61242630385487,False
412,99-21a034-HeGF,180.63673469387754,False
413,99-22a041-E2,186.32272108843537,False
414,99-32a110-GF,191.41659863945577,True
415,98-04a021-L3,189.21650793650792,True
416,98-12a065-L,192.82721088435375,False
417,98-09b054-DIA(L),188.8711111111111,True
418,98-03b016-L3,192.66757369614513,False
419,98-11a063-CAM(L),191.33532879818594,False
420,98-04b023-CAM(E),186.6942403628118,False
421,98-04b023-E2,191.16408163265305,False
422,98-13b075-DIA(L),180.4045351473923,False
423,98-10b059-GF,184.62185941043083,False
424,98-10b059-DIA(L),180.03301587301587,True
425,98-09a050-GF,184.11392290249432,True
426,98-13b075-H,181.53650793650795,False
427,98-12a065-C(A),192.52244897959184,False
428,98-15a089-L,198.08072562358277,True
429,98-09a050-DIA(L),182.79619047619047,True
430,98-15a089-C(SCR),190.42104308390023,True
431,98-09b054-HeGF,179.92272108843537,False
432,98-04b022-CAM(E),181.15918367346939,False
433,98-05a027-CAM(E),190.55165532879818,False
434,98-02a007-CAM(L),187.75074829931972,True
435,98-04b022-E2,191.34113378684808,False
436,98-03b016-CAM(L),174.59954648526076,False
437,98-11a063-E2,184.1835827664399,False
438,98-05a027-L3,189.3877551020408,True
439,98-04a021-CAM(L),198.26068027210886,True
440,98-02a007-L3,184.02104308390022,True
441,96-42a231-L,188.6185941043084,True
442,96-41b227-E,187.498231292517,False
443,96-30b167-E,186.4562358276644,True
444,96-45a244-E,183.21995464852608,False
445,96-01b004-DIA(E),181.8354648526077,False
446,96-65b351-GF,176.62791383219954,True
447,96-33b183-L,249.43249433106575,True
448,96-35a193-L,180.7092970521542,True
449,96-46a253-E2,180.06514739229024,False
450,96-51b277-E2,175.821179138322,False
451,96-45a245-L(2),254.39646258503402,True
452,96-28a154-E,195.87773242630385,False
453,96-19a103-C(H),172.0633560090703,False
454,96-67a362-L1,188.09614512471654,False
455,96-30a164-E2,182.05895691609976,True
456,96-65a348-GF,178.70566893424035,True
457,96-42a231-E2,177.58614512471655,True
458,96-67a361-SQU(L),183.98761904761903,False
459,96-01b004-L1,180.53691609977324,True
460,96-38a209-DIA(AS),174.0373469387755,True
461,96-29a161-DIA(L),180.86120181405894,False
462,96-42a230-L2(2),173.01938775510203,False
463,96-31a170-E,126.08600907029478,False
464,96-60a322-H,160.66090702947847,False
465,96-71a384-3L!2,187.68979591836734,False
466,96-02b010-L,180.92698412698414,False
467,96-41a226-L,171.6122448979592,False
468,96-19a103-D,199.60453514739228,False
469,96-42a230-L2,182.71074829931973,False
470,96-64b345-SQU(L),177.65979591836734,False
471,96-33b183-DIA(E),182.63124716553287,False
472,96-37a203-L,176.32133786848073,True
473,96-54b295-L1,183.0893424036281,False
474,96-54a291-E2,179.11326530612246,True
475,96-64b345-E2,183.69886621315192,True
476,96-10b052-C(A),173.92460317460316,True
477,96-43a238-L(2),173.2163038548753,True
478,96-35a193-DIA(L),195.91730158730158,False
479,96-30a164-L,195.97451247165532,True
480,96-22a119-C(H),187.63333333333333,False
481,96-61b331-H,178.57285714285715,False
482,96-19a101-D,174.96392290249432,False
483,96-61b331-GF,169.5724036281179,False
484,96-61a327-SQU(S),179.8541723356009,True
485,96-20b111-E,247.44746031746033,False
486,96-25b140-E2,167.44519274376418,False
487,96-35b194-L2(2),281.7681859410431,True
488,96-40a220-L,185.17913832199545,False
489,96-36a198-L,184.33160997732426,False
490,96-12b064-H,172.04596371882087,True
491,96-53b287-L2,184.25034013605443,True
492,96-21b116-C(H),178.93179138321995,False
493,96-61a327-E2,178.3382993197279,False
494,96-72b393-L!2,181.96868480725624,False
495,96-25b141-E,191.6691156462585,False
496,96-58b312-CAMDIA(E),170.38260770975057,True
497,96-33a181-DIA(E),178.16020408163266,False
498,96-41b227-DIA(E),177.9688888888889,True
499,96-40a220-L2,180.63673469387754,True
500,96-54b295-GF,175.67020408163265,True
501,96-41b228-L2,236.43945578231293,True
502,96-32a177-L,196.06383219954648,True
503,96-36b199-E,172.93972789115645,False
504,96-14a072-H,171.740589569161,False
505,96-69a372-E2,182.0794784580499,False
506,96-54b293-L2,175.25897959183675,False
507,96-72b393-L1,189.97115646258504,False
508,96-21a113-L,199.1546485260771,True
509,96-31a171-E2,178.71775510204083,False
510,96-67a361-L,180.70038548752834,True
511,96-22b124-DIA(E),186.04265306122448,False
512,96-20a109-L,197.22739229024944,True
513,96-53b287-E,179.07956916099772,True
514,96-15b080-C(A),177.75392290249434,False
515,96-65b351-L1,169.53399092970523,True
516,96-15b080-SQU,179.92319727891157,False
517,96-41b228-L,196.36421768707484,True
518,96-62a335-GF,180.82297052154195,False
519,96-12b064-C(A),176.9099319727891,True
520,96-58b313-SQU(S),179.76031746031745,False
521,96-56a325-E2,152.01814058956916,False
522,96-24a133-E,178.12895691609978,False
523,96-65a348-L1,172.8875283446712,True
524,96-67a362-GF,166.29891156462585,True
525,96-37a202-L,203.5954648526077,False
526,96-62a335-H,171.06,False
527,96-38b211-DIA(T)orDIA(AS),176.8947619047619,False
528,96-20b111-L,198.95437641723356,True
529,96-46a251-L2(2),188.05997732426303,True
530,96-46a251-L2,195.21648526077098,True
531,96-58a310-L1,181.15918367346939,True
532,96-29a161-E,195.48904761904762,True
533,96-44b243-E,209.54557823129252,True
534,96-21b118-C(H),187.50621315192743,True
535,96-31a171-L,190.83013605442176,False
536,96-20b110-E2,196.80362811791383,False
537,96-62b337-GF,192.06675736961452,True
538,96-55b299-L1,176.1765306122449,True
539,96-25b141-L,181.50748299319727,True
540,96-45a245-L,198.98049886621314,True
541,96-45a244-DIA(E),185.3968253968254,False
542,96-02b010-C(H),174.59818594104308,False
543,96-21b118-D,175.15952380952382,True
544,96-54a291-L2,186.4997732426304,False
545,96-58b315-SQU(S),167.66303854875284,False
546,96-66a354-L1,202.1900453514739,True
547,96-66b358-L,194.85854875283448,True
548,96-41a226-L2,180.82539682539684,True
549,96-39b217-BAD(E),194.1777097505669,True
550,96-21a113-E,179.79977324263038,True
551,96-33a181-L,188.44444444444446,False
552,96-44b243-E2,216.8453514739229,True
553,96-69a372-GF,175.66832199546485,True
554,96-24a133-DIA(E),174.43616780045352,False
555,96-25b142-C(H),199.20689342403628,False
556,96-51b277-L2,181.64551020408163,False
557,96-10b052-D,180.95850340136053,False
558,96-54b294-L1,173.14789115646258,True
559,96-58b315-L1,204.0540589569161,True
560,96-64a343-E2,170.80793650793652,True
561,96-19a101-C(H),195.35238095238094,False
562,96-71a384-L1,177.40015873015872,False
563,96-14a072-C(H),169.51172335600907,True
564,96-37a202-E,169.23215419501133,False
565,96-54b293-E,178.19748299319727,True
566,96-70b380-L1,185.71201814058958,True
567,96-47a261-E2,176.35780045351473,False
568,96-30b167-L,208.3265306122449,True
569,96-28a154-E2,188.76662131519274,False
570,96-54b294-GF,183.94337868480724,False
571,96-25b140-L,176.13471655328797,False
572,96-11b056-C(A),199.26784580498867,False
573,96-22b124-L,195.79126984126984,True
574,96-64b346-SQU(L),176.18750566893425,True
575,96-38a209-DIA(T),183.0975283446712,True
576,96-60a322-GF,178.55609977324264,False
577,96-64a343-SQU(L),176.2697052154195,True
578,96-39b217-E3,147.77736961451248,False
579,96-70b380-GF,185.20877551020408,False
580,96-47a261-E,173.02598639455783,True
581,96-62b337-H,210.9071882086168,False
582,96-66a354-GF,171.82814058956916,True
583,96-12b064-C(A)(2),176.78795918367348,True
584,96-43a238-L,195.18637188208618,True
585,96-20b110-L,195.25950113378684,False
586,96-58b312-E2,181.2172335600907,True
587,96-25b142-L,235.45920634920634,True
588,96-31a170-L,278.722358276644,True
589,96-36a198-L2,173.218820861678,False
590,96-58b313-L1,180.07074829931972,True
591,96-46a253-L,181.1861904761905,False
592,96-68a365-GF,176.12396825396826,False
593,96-58a310-CAMDIA(L),176.63829931972788,False
594,96-37a203-E,174.79825396825396,False
595,96-36b199-E(2),203.42421768707484,False
596,96-68a365-H,171.18997732426303,False
597,96-35b194-L2,196.13362811791384,True
598,96-66b358-SQU(L),181.76507936507937,False
599,96-55b299-GF,171.3738095238095,True
600,02-01a001-B-CAM(L),184.54639455782313,False
601,02-06b036-DIA(L),194.69931972789115,False
602,02-11b064-DIA(L),184.2532426303855,False
603,02-07a038-B-CAM(X),188.03519274376418,False
604,02-03a013-DIA(E),185.08625850340135,False
605,02-06a032-B-CAM(L),189.20780045351475,False
606,02-10b059-CAM(L),179.26385487528344,False
607,02-04a021-B-CAM(E),178.1318820861678,False
608,02-01a001-DIA(L),185.84961451247165,False
609,02-03a013-B-CAM(E),182.6510657596372,False
610,02-05a025-B-CAM(L),184.33451247165533,True
611,02-12a068-CAM(E),191.05668934240362,False
612,02-04b024-DIA(E),193.48027210884354,False
613,02-10a056-DIA(L),190.41233560090703,False
614,02-07a039-B-CAM(X),190.01873015873016,True
615,02-06b036-B-CAM(X),193.0448979591837,False
616,02-04b023-DIA(E),193.0448979591837,False
617,02-04b024-B-CAM(E),185.42004535147393,True
618,02-05a026-B-CAM(E),196.81233560090703,True
619,02-09a051-CAM(L),186.25306122448978,True
620,02-10b059-DIA(L),186.27628117913832,True
621,02-01a003-DIA(L),191.64009070294784,True
622,02-10a056-CAM(L),181.71356009070294,False
623,02-12a068-DIA(E),185.8525170068027,False
624,02-05a026-DIA(E),184.62766439909296,False
625,02-05a027-B-CAM(E),188.9233560090703,True
626,02-04a021-DIA(L),176.92154195011338,True
627,02-08b047-CAM(E),182.8455328798186,False
628,02-06b035-B-CAM(X),179.86757369614512,False
629,02-10a057-DIA(L),188.84208616780046,True
630,02-03a014-B-CAM(L),185.91056689342403,True
631,02-05a025-DIA(E),190.26721088435374,False
632,02-06a032-DIA(L),192.02031746031747,False
633,02-09a051-DIA(E),198.18521541950113,True
634,02-01b006-B-CAM(L),182.47691609977323,False
635,02-02b012-DIA(E),130.39165532879818,True
636,02-08b047-DIA(E),176.80253968253967,False
637,02-01a002-B-CAM(L),185.9831292517007,False
638,02-10a057-CAM(L),202.637641723356,True
639,02-05a027-DIA(E),187.41986394557824,True
640,02-03a014-DIA(L),186.8045351473923,False
641,02-01b006-DIA(E),186.6942403628118,False
642,02-04b023-B-CAM(L),189.2861678004535,False
643,02-07a039-DIA(E),185.31845804988663,False
644,02-01a003-B-CAM(L),184.4709297052154,False
645,02-02b012-B-CAM(E),181.7077551020408,True
646,02-06b035-DIA(L),182.5726984126984,False
647,02-07a038-DIA(L),188.57795918367347,False
648,02-11b064-CAM(E),181.00244897959183,False
